primer,gene,t,sample,ara_conc,iptg_conc,cell_mix,replicate,supposed_pool,bmc_index_lane_1,barcode,mut
646,at,0,1a,0.2,100,nan,647,1,D21-169 : 1a_0 (CTGGACGC),GCGTCCAG,V5L
647,at,0,1b,0.2,100,nan,,1,D21-170 : 1b_0 (TTGGCGCT),AGCGCCAA,
648,at,0,2a,0.2,100,nan,649,1,D21-171 : 2a_0 (CGCTATGC),GCATAGCG,A66F
649,at,0,2b,0.2,100,nan,,1,D21-172 : 2b_0 (TCTTTATA),TATAAAGA,
650,at,0,3a,0.2,100,nan,651,1,D21-173 : 3a_0 (CGAGGTTA),TAACCTCG,D55E
651,at,0,3b,0.2,100,nan,,1,D21-174 : 3b_0 (GACTGGAT),ATCCAGTC,
652,at,0,4a,0.2,100,nan,653,1,D21-175 : 4a_0 (GAGGGTCA),TGACCCTC,V75C
653,at,0,4b,0.2,100,nan,,1,D21-176 : 4b_0 (GTTTAGTC),GACTAAAC,
654,at,0,5a,0.2,100,nan,655,1,D21-177 : 5a_0 (CGACTTAT),ATAAGTCG,N99V
655,at,0,5b,0.2,100,nan,,1,D21-178 : 5b_0 (AAAACTTG),CAAGTTTT,
656,at,0,6a,0.2,100,nan,657,1,D21-179 : 6a_0 (CACGTAGG),CCTACGTG,R100W
657,at,0,6b,0.2,100,nan,,1,D21-180 : 6b_0 (ATTCTGCG),CGCAGAAT,
658,at,0,7a,0.2,100,nan,659,1,D21-181 : 7a_0 (ATGTGAAA),TTTCACAT,E87M
659,at,0,7b,0.2,100,nan,,1,D21-182 : 7b_0 (GCGCACTG),CAGTGCGC,
660,at,0,8a,0.2,100,nan,661,1,D21-183 : 8a_0 (GCCCCGCA),TGCGGGGC,A66I
661,at,0,8b,0.2,100,nan,,1,D21-184 : 8b_0 (TAATGCCA),TGGCATTA,
662,at,0,E2a,0.2,100,nan,663,1,D21-185 : E2a_0 (CACCGCTG),CAGCGGTG,E2
663,at,0,E2b,0.2,100,nan,,1,D21-186 : E2b_0 (TGCGCTGT),ACAGCGCA,
664,at,0,E3a,0.2,100,nan,665,2,D21-187 : E3a_0 (CTAGCAGA),TCTGCTAG,E3
665,at,0,E3b,0.2,100,nan,,2,D21-188 : E3b_0 (CGCGGCCC),GGGCCGCG,
666,at,0,c1a,0.2,100,nan,667,1,D21-189 : c1a_0 (GTAGATTG),CAATCTAC,V5L/A66F
667,at,0,c1b,0.2,100,nan,,1,D21-190 : c1b_0 (CATCCTTT),AAAGGATG,
668,at,0,c2a,0.2,100,nan,669,1,D21-191 : c2a_0 (CAAGTGTC),GACACTTG,V5L/D55E
669,at,0,c2b,0.2,100,nan,,1,D21-192 : c2b_0 (AAAAAGAC),GTCTTTTT,
670,at,600,1a,0.2,100,nan,671,1,D21-193 : 1a_600 (GCATATAC),GTATATGC,V5L
671,at,600,1b,0.2,100,nan,,1,D21-194 : 1b_600 (GCACGGGG),CCCCGTGC,
672,at,600,2a,0.2,100,nan,673,1,D21-195 : 2a_600 (CCATCAAG),CTTGATGG,A66F
673,at,600,2b,0.2,100,nan,,1,D21-196 : 2b_600 (GATTAACA),TGTTAATC,
674,at,600,3a,0.2,100,nan,675,1,D21-197 : 3a_600 (CGCAGAAT),ATTCTGCG,D55E
675,at,600,3b,0.2,100,nan,,1,D21-198 : 3b_600 (CGTGCATC),GATGCACG,
676,at,600,4a,0.2,100,nan,677,1,D21-199 : 4a_600 (ACTCAAGA),TCTTGAGT,V75C
677,at,600,4b,0.2,100,nan,,1,D21-200 : 4b_600 (CGTCACAC),GTGTGACG,
678,at,600,5a,0.2,100,nan,679,1,D21-201 : 5a_600 (AAGCTCAC),GTGAGCTT,N99V
679,at,600,5b,0.2,100,nan,,1,D21-202 : 5b_600 (TTTCCCGA),TCGGGAAA,
680,at,600,6a,0.2,100,nan,681,1,D21-203 : 6a_600 (CCTAGCGC),GCGCTAGG,R100W
681,at,600,6b,0.2,100,nan,,1,D21-204 : 6b_600 (AGGACATT),AATGTCCT,
682,at,600,7a,0.2,100,nan,683,1,D21-205 : 7a_600 (TAATAAGC),GCTTATTA,E87M
683,at,600,7b,0.2,100,nan,,1,D21-206 : 7b_600 (AGCACTAC),GTAGTGCT,
684,at,600,8a,0.2,100,nan,685,1,D21-207 : 8a_600 (TGATACAG),CTGTATCA,A66I
685,at,600,8b,0.2,100,nan,,1,D21-208 : 8b_600 (ATCGAAAG),CTTTCGAT,
686,at,600,E2a,0.2,100,nan,687,1,D21-209 : E2a_600 (GAGTTTAG),CTAAACTC,E2
687,at,600,E2b,0.2,100,nan,,1,D21-210 : E2b_600 (ATATAGGG),CCCTATAT,
688,at,600,E3a,0.2,100,nan,689,2,D21-211 : E3a_600 (GGGCGAGA),TCTCGCCC,E3
689,at,600,E3b,0.2,100,nan,,2,D21-212 : E3b_600 (GTTTGTCT),AGACAAAC,
690,at,600,c1a,0.2,100,nan,691,1,D21-213 : c1a_600 (CCTATGAA),TTCATAGG,V5L/A66F
691,at,600,c1b,0.2,100,nan,,1,D21-214 : c1b_600 (GGCAAACC),GGTTTGCC,
692,at,600,c2a,0.2,100,nan,693,1,D21-215 : c2a_600 (CCGTGGCA),TGCCACGG,V5L/D55E
693,at,600,c2b,0.2,100,nan,,1,D21-216 : c2b_600 (TACTTTTT),AAAAAGTA,